<?xml version="1.0" encoding="utf-8"?>
<!--Created using XmlSitemapGenerator.org - Free HTML, RSS and XML sitemap generator-->
<rss version="2.0">
  <channel>
    <title>CTD Tecnologia - Sistemas Protheus ERP TOTVS</title>
    <link>https://www.ctdtecnologia.com.br</link>
    <description />
    <item>
      <guid>https://www.ctdtecnologia.com.br/</guid>
      <title>CTD Tecnologia - Sistemas Protheus ERP TOTVS</title>
      <link>https://www.ctdtecnologia.com.br/</link>
      <description>A CTD Tecnologia ERP TOTVS Protheus - Implantação e reimplantação de sistemas e integração eletrônica ERP, TOTVS, Protheus.</description>
      <pubDate>Mon, 13 Apr 2020 11:05:00 Z</pubDate>
    </item>
    <item>
      <guid>https://www.ctdtecnologia.com.br/corona-virus.php</guid>
      <title>CTD Tecnologia - Sistemas Protheus ERP TOTVS</title>
      <link>https://www.ctdtecnologia.com.br/corona-virus.php</link>
      <description>Corona Virus - A CTD Tecnologia ERP implantação de sistemas, processos e integração eletrônica em tempo real. </description>
      <pubDate>Mon, 13 Apr 2020 11:05:00 Z</pubDate>
    </item>
    <item>
      <guid>https://www.ctdtecnologia.com.br/</guid>
      <title>CTD Tecnologia - Sistemas Protheus ERP TOTVS</title>
      <link>https://www.ctdtecnologia.com.br/</link>
      <description>A CTD Tecnologia ERP TOTVS Protheus - Implantação e reimplantação de sistemas e integração eletrônica ERP, TOTVS, Protheus.</description>
      <pubDate>Mon, 13 Apr 2020 11:05:00 Z</pubDate>
    </item>
  </channel>
</rss>
<!--<guid value="2655bf4a-2dac-4abe-bc54-6624b1c0011f" />-->
<!--Created using XmlSitemapGenerator.org - Free HTML, RSS and XML sitemap generator-->